word,is_legal
one,0
also,0
said,0
all,0
new,1
two,0
time,0
many,0
like,0
people,0
used,1
may,0
years,0
oh,0
will,0
world,0
well,0
see,0
now,0
okay,0
states,0
year,0
state,0
use,0
right,1
called,0
go,0
made,0
government,0
city,0
war,0
known,1
however,0
united,1
later,1
get,0
just,0
since,0
work,0
part,0
including,0
early,1
want,0
number,0
century,0
system,0
put,0
yeah,0
make,0
high,1
became,0
good,1
school,0
national,1
much,0
another,0
back,0
american,1
around,0
even,0
found,0
know,0
often,0
little,1
several,0
day,0
group,0
country,0
life,0
think,0
water,0
let,0
way,0
name,0
still,0
look,0
long,1
based,0
different,1
come,0
take,0
although,0
south,0
say,0
according,0
million,0
last,1
president,0
university,0
example,0
large,1
north,0
old,1
end,0
book,0
history,0
form,0
set,0
home,0
among,0
include,0
public,1
began,0
law,0
film,0
general,1
major,1
using,0
following,1
play,0
going,0
power,0
party,0
house,0
us,0
area,0
children,0
population,0
international,1
small,1
within,0
british,0
great,1
game,0
language,0
music,0
series,0
military,1
due,0
family,0
modern,1
common,1
students,0
though,0
big,1
political,1
help,0
important,1
place,0
led,0
period,0
took,0
english,1
show,0
got,0
team,0
death,0
without,0
john,0
left,1
air,0
king,0
less,0
times,0
west,1
members,0
countries,0
company,0
white,1
support,0
french,1
women,0
term,0
order,0
church,0
become,0
human,1
need,0
non,0
along,0
black,1
late,1
development,0
point,0
german,1
study,0
came,0
control,0
east,1
every,0
man,0
given,0
food,0
others,0
considered,0
next,1
says,0
european,1
local,1
army,0
must,0
line,0
published,1
research,0
men,0
service,0
space,0
age,0
usually,0
court,0
popular,1
force,0
central,1
case,0
held,0
wrote,0
main,0
change,0
today,0
best,1
island,0
largest,0
making,0
single,1
europe,0
similar,1
developed,1
released,1
free,1
away,0
groups,0
included,1
sometimes,0
york,0
land,0
program,0
social,1
various,0
money,0
percent,0
works,0
give,0
might,0
union,0
ii,0
never,0
red,1
games,0
western,1
open,1
light,0
former,1
yes,0
systems,0
wanna,0
areas,0
together,0
head,0
per,0
region,0
something,0
better,1
production,0
field,0
went,0
days,0
near,1
half,0
named,0
result,0
forces,0
find,0
process,0
roman,1
sea,0
china,0
body,0
original,1
science,0
theory,0
education,0
economic,1
low,1
top,1
thus,0
role,0
march,0
season,0
established,0
energy,0
river,0
health,0
thought,0
written,1
young,1
information,0
seen,0
instead,0
either,0
species,0
rather,0
data,0
side,0
word,0
created,0
almost,0
center,0
produced,0
built,0
god,0
rights,0
things,0
live,0
earth,0
june,0
far,1
level,0
full,1
schools,0
act,0
january,0
america,0
possible,1
across,0
mommy,0
least,0
especially,0
college,0
br,0
total,1
described,0
father,0
germany,0
hand,0
natural,1
december,0
october,0
september,0
july,0
story,0
really,0
art,0
played,0
received,0
working,1
middle,1
means,0
car,0
able,0
died,0
council,0
special,1
short,1
huh,0
france,0
present,1
won,0
turn,0
higher,0
class,0
generally,0
real,1
empire,0
run,0
started,0
community,0
april,0
outside,0
baby,0
person,0
type,0
building,0
continued,0
eat,0
november,0
california,0
standard,1
parts,0
northern,1
office,0
enough,0
soviet,1
son,0
police,0
chinese,1
languages,0
foreign,1
close,1
movement,0
member,0
band,0
england,0
trade,0
southern,1
lost,1
park,0
version,0
already,0
august,0
scientists,0
read,0
night,0
throughout,0
kingdom,0
saw,0
range,0
society,0
addition,0
done,0
civil,1
numbers,0
league,0
religious,1
animals,0
design,0
months,0
aha,0
born,0
business,0
gave,0
federal,1
television,0
culture,0
project,0
problem,0
whose,0
lower,1
mother,0
tell,0
taken,0
significant,1
official,1
computer,0
position,0
available,1
william,0
whether,0
final,1
current,1
certain,1
traditional,1
record,0
rate,0
idea,0
upon,0
color,0
eastern,1
battle,0
yet,0
technology,0
washington,0
evidence,0
allowed,0
greek,1
terms,0
blue,1
despite,0
always,0
daddy,0
africa,0
living,1
hard,1
election,0
keep,0
london,0
industry,0
followed,0
formed,0
words,0
recent,1
cause,0
style,0
added,1
effect,0
cities,0
events,0
model,0
problems,0
kind,1
india,0
ancient,1
strong,1
february,0
related,1
minister,0
introduced,0
islands,0
star,0
st,0
ball,0
lead,0
services,0
market,0
companies,0
african,1
radio,0
else,0
soon,0
players,0
love,0
announced,0
christian,0
particularly,0
town,0
ever,0
books,0
forms,0
moved,1
average,1
cases,0
rule,0
increased,0
changes,0
eventually,0
move,0
particular,1
sent,0
rock,0
album,0
green,1
influence,0
function,0
provide,0
network,0
fire,0
policy,0
republic,0
boy,0
likely,1
brought,0
size,0
studies,0
workers,0
lot,0
nearly,0
makes,0
source,0
killed,0
capital,0
mass,0
future,0
required,1
nations,0
past,1
self,0
value,0
nature,0
spanish,0
media,0
action,0
character,0
writing,0
earlier,0
elements,0
beginning,0
increase,0
start,0
located,0
economy,0
week,0
told,0
structure,0
taking,0
playing,0
ago,0
associated,1
royal,1
remained,0
front,0
mean,1
oil,0
fact,0
hold,0
video,0
security,0
goes,0
majority,0
officials,0
aircraft,0
report,0
ground,0
department,0
russian,1
congress,0
longer,0
billion,0
believed,0
leading,1
rules,0
private,1
anti,0
reported,0
typically,0
fish,0
song,0
post,0
paper,0
provided,0
child,0
caused,0
includes,0
sound,0
nation,0
practice,0
surface,0
uses,0
independent,1
attack,0
legal,1
try,0
growth,0
wanted,0
individual,0
parents,0
latin,1
prime,0
designed,1
player,0
plan,0
types,0
room,0
view,0
referred,0
laws,0
list,0
base,0
russia,0
native,1
george,0
limited,1
material,0
site,0
cost,0
behind,0
canada,0
san,0
museum,0
coast,0
association,0
summer,1
whole,1
probably,0
larger,0
gas,0
specific,1
key,0
james,0
thing,0
involved,0
served,0
effects,0
complex,1
mostly,0
county,0
director,0
meaning,0
appeared,0
films,0
street,0
personal,1
call,0
kids,0
face,0
construction,0
alright,0
organization,0
success,0
nuclear,1
highest,0
co,0
physical,1
americans,0
bit,0
paul,0
bc,0
interest,0
era,0
asked,0
mid,0
results,0
returned,1
ice,0
worked,0
elected,1
test,0
britain,0
box,0
campaign,0
features,0
matter,0
greater,0
shows,0
japanese,1
allow,0
month,0
pressure,0
news,0
comes,0
rest,0
stop,0
produce,0
japan,0
fall,0
therefore,0
board,0
points,0
speed,0
football,0
founded,0
inside,0
code,0
programs,0
sold,0
conditions,0
primary,1
products,0
remains,0
career,0
title,0
club,0
names,0
bring,0
letter,0
lines,0
jewish,1
poor,1
changed,0
nice,1
defined,1
true,1
stated,1
widely,0
sit,0
chief,0
subject,0
release,0
method,0
getting,0
performance,0
create,0
pay,0
david,0
smaller,0
proposed,1
sure,0
hours,0
australia,0
training,0
cultural,1
job,0
actually,0
leader,0
originally,0
cut,0
access,0
issue,0
medical,1
recorded,1
catholic,1
sun,0
table,0
climate,0
blockquote,0
global,1
care,0
commonly,0
honey,0
wide,1
district,0
growing,1
trying,0
student,0
software,0
road,0
constitution,0
event,0
disease,0
obama,0
territory,0
hit,0
charles,0
difficult,0
looking,0
scientific,1
station,0
division,0
brown,1
decided,0
helped,0
needed,1
believe,0
italian,1
leave,0
levels,0
running,1
wife,0
animal,0
italy,0
lived,0
thank,0
met,0
historical,1
discovered,1
complete,1
response,0
gold,1
re,0
replaced,1
girl,0
religion,0
emperor,0
amount,0
experience,0
families,0
leaders,0
successful,1
estimated,1
supported,1
commercial,1
directly,0
independence,0
famous,1
characters,0
parliament,0
starting,0
decision,0
coming,1
female,1
variety,0
henry,0
sports,0
reached,0
sense,0
direct,1
happened,0
issues,0
units,0
vote,0
largely,0
robert,0
woman,0
via,0
bear,0
sources,0
separate,1
administration,0
operation,0
metal,1
internet,0
operations,0
numerous,0
concept,0
remember,0
records,0
temperature,0
uh,0
uk,0
la,0
maybe,0
ready,1
los,0
approximately,0
previous,1
reason,0
opened,0
passed,1
compared,0
entire,0
heavy,1
forced,1
democratic,1
scale,0
asia,0
product,0
pope,0
recently,0
award,0
lives,0
lake,0
humans,0
committee,0
additional,1
brother,0
race,0
active,1
peace,0
quickly,0
unit,0
length,0
bill,0
authority,0
build,0
bank,0
cold,1
tree,0
rome,0
relationship,0
saying,0
library,0
thomas,0
stage,0
claimed,1
treatment,0
navy,0
towards,0
chicago,0
highly,0
ocean,0
property,0
joined,0
treaty,0
turned,0
status,0
examples,0
teams,0
basic,1
centre,0
course,0
performed,1
write,0
adopted,1
regular,1
friends,0
troops,0
researchers,0
regions,0
lack,0
multiple,0
financial,1
governor,0
relations,0
border,0
risk,0
tradition,0
parties,0
peter,0
agreement,0
picture,0
cells,0
ended,0
stay,0
placed,0
text,0
stories,0
clear,1
finally,0
expected,1
israel,0
machine,0
ways,0
cup,0
pretty,1
showed,0
older,0
noted,0
mexico,0
basis,0
engine,0
simple,1
methods,0
hall,0
centuries,0
paris,0
train,0
plants,0
potential,1
degree,0
shown,0
takes,0
cross,0
hands,0
daughter,0
analysis,0
spread,0
rise,0
stars,0
talk,0
chemical,0
initially,0
square,0
blood,0
mainly,0
spent,1
marriage,0
places,0
piece,0
signed,1
bad,1
fell,0
hot,1
article,0
angeles,0
institute,0
simply,0
defense,0
dog,0
ship,0
latter,0
appear,0
mark,0
giving,0
winter,0
married,1
activity,0
classical,1
knowledge,0
approach,0
cell,0
divided,1
suggested,1
anything,0
ability,0
apple,0
plans,0
memory,0
previously,0
watch,0
letters,0
round,1
plant,0
date,0
relatively,0
spain,0
feet,0
weeks,0
continue,0
figure,0
hair,0
speech,0
contains,0
republican,1
collection,0
ideas,0
question,0
quality,0
feel,0
deal,0
male,1
argued,0
ones,0
currently,0
novel,1
efforts,0
pre,0
richard,0
revolution,0
tax,0
loss,0
fast,1
executive,0
primarily,0
thousands,0
distance,0
milk,0
environment,0
attempt,0
mission,0
needs,0
looks,0
functions,0
remain,0
moving,0
wait,0
attention,0
friend,0
powers,0
dead,1
attacks,0
win,0
launched,1
wants,0
arts,0
carried,0
weapons,0
share,0
heart,0
songs,0
louis,0
islamic,1
section,0
agreed,0
becoming,0
professor,0
failed,1
elections,0
charge,0
completed,1
michael,0
super,1
saint,0
literature,0
regional,1
flight,0
iii,0
grand,1
moon,0
drive,0
activities,0
appointed,0
jews,0
annual,1
provides,0
justice,0
soldiers,0
tried,0
applied,1
responsible,1
cars,0
closed,1
properties,0
double,1
increasing,1
digital,1
buildings,0
professional,1
positive,1
account,0
objects,0
press,0
influenced,1
scholars,0
declared,1
freedom,0
musical,1
reduced,1
pacific,0
necessary,1
ships,0
texas,0
store,0
safety,0
deep,1
upper,1
prior,1
philosophy,0
resulting,0
minutes,0
location,0
definition,0
magazine,0
airport,0
girls,0
accepted,1
meeting,0
individuals,0
income,0
except,0
electric,1
classes,0
nothing,0
command,0
author,0
ireland,0
management,0
exist,0
carbon,1
online,1
element,0
origin,0
appears,0
port,0
calendar,0
morning,0
ad,0
break,0
decades,0
notable,1
industrial,1
artists,0
critical,1
image,0
muslim,0
fields,0
yellow,1
assembly,0
opposition,0
commission,0
ah,0
reach,0
shot,0
beyond,0
armed,1
offered,1
everything,0
goal,0
object,0
presidential,0
equipment,0
transport,0
dna,0
generation,0
bird,0
fighting,0
fight,0
conflict,0
gives,0
intended,1
grew,0
birth,0
equal,1
urban,1
push,0
normal,1
operating,0
floor,0
convention,0
presence,0
initial,1
pass,0
allows,0
travel,0
iron,0
difference,0
heat,0
jobs,0
frequently,0
brain,0
values,0
featured,1
materials,0
secretary,0
bowl,0
applications,0
track,0
direction,0
conference,0
cat,0
claims,0
feature,0
valley,0
staff,0
cover,0
stone,0
protection,0
toward,0
identified,1
hey,0
resources,0
engineering,0
models,0
derived,1
combined,1
impact,0
stand,0
prevent,0
communities,0
kept,0
focus,0
alone,0
raised,1
powerful,1
agency,0
movie,0
wall,0
academy,0
writer,0
buy,0
tour,0
chair,0
page,0
speaking,0
reference,0
felt,0
sexual,0
smith,0
represented,1
minute,0
occur,0
bed,0
owned,1
province,0
distribution,0
bus,0
composed,1
residents,0
extended,1
remaining,1
fiction,0
claim,0
bay,0
effort,0
foundation,0
serve,0
price,0
exchange,0
sign,0
officers,0
mountain,0
citizens,0
polish,0
paid,0
occurred,0
dark,1
please,0
internal,1
supreme,1
standards,0
learn,0
visit,0
effective,1
creation,0
plane,0
earliest,0
horse,0
develop,0
carry,0
acid,0
learning,0
volume,0
arrived,0
allowing,0
finished,1
content,0
opposed,0
immediately,0
situation,0
eyes,0
wave,0
arms,0
contemporary,1
reduce,0
weight,0
perhaps,0
politics,0
entered,0
labor,0
mouth,0
refer,0
dance,0
solar,1
festival,0
alternative,1
issued,0
channel,0
negative,1
violence,0
hope,0
ethnic,1
phase,0
draw,0
follow,0
existence,0
holy,1
protect,0
leaving,0
environmental,1
supply,0
unlike,0
runs,0
mind,0
meet,0
queen,0
poland,0
consists,0
offer,0
contain,0
versions,0
display,0
purpose,0
ordered,1
hear,0
serious,1
bye,0
joseph,0
greatest,0
eating,0
pieces,0
someone,0
understand,0
irish,0
controlled,1
rates,0
advanced,1
reading,0
fuel,0
overall,0
sex,0
require,0
damage,0
canadian,0
step,0
doctor,0
victory,0
hi,0
trees,0
egypt,0
hour,0
contrast,0
resulted,0
plays,0
instance,0
address,0
presented,1
wars,0
hospital,0
um,0
lord,0
australian,0
competition,0
door,0
destroyed,1
completely,0
gone,0
unique,1
wow,0
acts,0
voice,0
reaction,0
planned,1
respectively,0
causes,0
sets,0
aid,0
devices,0
edition,0
senate,0
notes,0
winning,1
removed,1
inspired,1
branch,0
shall,0
motion,0
sales,0
prize,0
factors,0
officer,0
meant,0
fully,0
measure,0
mary,0
worldwide,1
foot,0
views,0
sites,0
crisis,0
differences,0
actions,0
connected,1
florida,0
block,0
opening,0
prominent,1
miles,0
statement,0
behavior,0
martin,0
ran,0
refused,1
solution,0
choice,0
wild,1
directed,1
imperial,1
creating,0
ring,0
wear,0
pick,0
figures,0
avoid,0
pakistan,0
spring,0
formation,0
communist,0
increasingly,0
mountains,0
expressed,0
prince,0
contact,0
techniques,0
korea,0
frequency,0
bridge,0
cancer,0
recognized,0
organizations,0
quite,0
stations,0
subsequently,0
discovery,0
planet,0
drink,0
expansion,0
appearance,0
daily,1
medicine,0
minor,0
signal,0
medieval,1
reasons,0
fixed,1
relative,0
critics,0
experts,0
windows,0
reports,0
projects,0
shape,0
intelligence,0
studied,0
rich,1
grow,0
orange,0
sister,0
defeated,1
arab,0
glass,0
snow,0
observed,1
core,0
huge,1
churches,0
vice,0
hill,0
sector,0
sport,0
conservative,1
boys,0
heard,0
authorities,0
dogs,0
users,0
regarded,1
marine,0
application,0
structures,0
birds,0
equivalent,1
policies,0
officially,0
camp,0
determined,1
distinct,0
formal,1
theatre,0
calls,0
secret,1
subsequent,1
understanding,1
target,0
hundreds,0
forest,0
domestic,1
universe,0
expanded,0
bodies,0
note,0
pictures,0
conducted,0
drug,0
pop,0
represent,0
sought,0
teachers,0
rare,1
device,0
flow,0
gained,0
iraq,0
jesus,0
existing,1
nearby,1
constant,1
eye,0
leadership,0
truck,0
decade,0
demand,0
silver,1
consider,0
meat,0
search,0
broke,0
agriculture,0
sleep,0
marked,1
temperatures,0
crime,0
alexander,0
mixed,1
sequence,0
village,0
receive,0
identity,0
host,0
link,0
resistance,0
costs,0
holding,0
occurs,0
tape,0
throw,0
awards,0
weather,0
developing,0
specifically,0
happy,1
hydrogen,0
walk,0
possibly,0
easily,0
ages,0
scene,0
covered,1
awarded,1
learned,0
mentioned,0
zero,0
dropped,1
seat,0
hurt,0
ruled,0
gun,0
requires,0
follows,0
limit,0
containing,0
hello,0
hat,0
artist,0
importance,0
lady,0
fit,0
wood,0
electronic,1
user,0
labour,0
debate,0
match,0
wrong,1
orthodox,1
message,0
becomes,0
younger,0
authors,0
historian,0
spoken,1
proved,1
suggests,0
wind,0
episode,0
crew,0
institutions,0
improve,0
everyone,0
baseball,0
boat,0
attempts,0
depending,0
computers,0
standing,1
refers,0
scotland,0
universal,1
principle,0
dry,1
km,0
faith,0
vehicles,0
dr,0
fine,1
count,0
review,0
liberal,1
safe,1
dynasty,0
combat,0
oldest,0
cycle,0
seems,0
begin,0
architecture,0
testing,0
organized,1
factor,0
farm,0
extensive,1
railway,0
sides,0
physics,0
shared,1
instruments,0
houses,0
edward,0
roughly,0
zone,0
fun,1
card,0
invasion,0
syria,0
writers,0
images,0
looked,0
easy,1
attempted,1
census,0
forward,1
johnson,0
tower,0
painting,0
closely,0
asian,0
belief,0
virginia,0
captured,0
settlement,0
questions,0
combination,0
providing,0
recording,0
significantly,0
naval,0
ultimately,0
knew,0
apart,0
technical,1
adam,0
notably,0
reform,0
visited,0
typical,1
zealand,0
otherwise,0
studio,0
el,0
ranked,0
capacity,0
ask,0
clean,1
campus,0
tools,0
suffered,1
atlantic,0
ahead,0
string,0
heavily,0
circle,0
practices,0
farmers,0
secondary,1
affected,0
afghanistan,0
rejected,0
literary,0
sunday,0
magnetic,1
tests,0
etc,0
actual,1
broadcast,0
quantum,1
broken,1
teaching,0
context,0
whereas,0
describes,0
launch,0
van,0
mobile,1
programming,0
academic,1
external,1
granted,1
golden,1
temple,0
christ,0
guard,0
positions,0
approved,0
contract,0
widespread,1
route,0
describe,0
berlin,0
sell,0
wing,0
traffic,0
changing,1
symbol,0
oxygen,0
ride,0
causing,0
radiation,0
density,0
determine,0
slightly,0
newspaper,0
condition,0
failure,0
rice,0
steel,0
expensive,1
nose,0
communication,0
twice,0
joint,0
reign,0
audience,0
cards,0
setting,0
courts,0
chain,0
achieved,0
focused,0
measures,0
strength,0
perform,0
opera,0
nfl,0
improved,1
split,1
decline,0
governments,0
lee,0
beach,0
genetic,1
chance,0
phone,0
cast,0
juice,0
seats,0
fly,0
theories,0
affairs,0
extremely,0
francisco,0
criticism,0
populations,0
dangerous,1
master,0
evolution,0
supposed,0
permanent,1
teacher,0
sugar,0
shortly,0
greece,0
gdp,0
web,0
advantage,0
extra,1
candidate,0
join,0
path,0
maximum,1
funny,1
fans,0
birthday,0
traditionally,0
goods,0
parks,0
christianity,0
un,0
gain,0
processes,0
threat,0
contained,1
die,0
territories,0
championship,0
producing,1
laura,0
operated,1
trial,0
rose,0
stadium,0
slow,1
attended,0
useful,1
entirely,0
toys,0
explained,0
connection,0
iran,0
popularity,0
speak,0
youth,0
universities,0
output,0
skills,0
listed,0
flying,0
components,0
onto,0
maintain,0
turkey,0
reality,0
background,0
ray,0
chosen,1
brothers,0
christians,0
gets,0
agricultural,1
formula,0
taught,0
regarding,0
linked,1
respect,0
particles,0
careful,1
rivers,0
soil,0
selling,0
thinking,0
save,0
concerns,0
senior,0
budget,0
pull,0
compounds,0
principal,0
introduction,0
confirmed,1
historic,1
similarly,0
vehicle,0
boston,0
texts,0
fear,0
israeli,0
eggs,0
manager,0
pro,0
stopped,0
screen,0
couple,0
visitors,0
rail,0
finding,0
publication,0
unable,0
surrounding,0
ministry,0
skin,0
occupied,1
biggest,0
rural,1
husband,0
spirit,0
concluded,0
transportation,0
bell,0
towns,0
revealed,1
bishop,0
degrees,0
survey,0
criminal,0
obtained,1
principles,0
tribes,0
carolina,0
signs,0
waves,0
catch,0
continues,0
treated,0
blocks,0
defeat,0
quarter,0
talking,0
sir,0
historians,0
poem,0
portuguese,0
newly,0
adding,0
bottom,0
camera,0
sounds,0
serving,0
mental,0
fewer,0
happen,0
managed,1
lands,0
constructed,1
historically,0
coffee,0
investment,0
aspects,0
columbia,0
file,0
palace,0
calling,0
administrative,1
unknown,1
slavery,0
grown,0
edge,0
minimum,0
massive,1
seem,0
employed,1
settled,0
tend,0
mathematics,0
normally,0
maintained,1
flag,0
fleet,0
immigrants,0
progress,0
colonial,1
crown,0
poverty,0
documents,0
defence,0
votes,0
netherlands,0
indigenous,1
representatives,0
roads,0
engines,0
alliance,0
transfer,0
jones,0
commander,0
vietnam,0
stable,1
rapidly,0
deaths,0
castle,0
neither,0
emerged,1
monday,0
linear,1
sarah,0
homes,0
captain,0
traditions,0
items,0
santa,0
score,0
islam,0
severe,1
von,0
dedicated,1
businesses,0
putting,0
instrument,0
prison,0
jersey,0
holds,0
finish,0
send,0
machines,0
bears,0
supporters,0
mine,0
brazil,0
prices,0
solid,1
entertainment,0
pair,0
influential,1
experienced,1
exactly,0
mount,0
declined,0
mathematical,1
touch,0
fix,0
sciences,0
showing,0
grant,0
straight,1
selected,0
nazi,0
contributed,0
represents,0
technique,0
persian,0
theme,0
interview,0
duke,0
acquired,1
fundamental,1
muslims,0
planning,0
extreme,1
noise,0
fort,0
journal,0
fought,0
sweden,0
orders,0
bush,0
networks,0
sky,0
patients,0
mayor,0
accounts,0
hunting,0
walls,0
leaves,0
tourism,0
electron,0
recognition,0
wearing,0
establish,0
purposes,0
medium,0
manufacturing,0
usage,0
greatly,0
candidates,0
driving,0
proper,1
faster,0
bought,0
acting,0
roll,0
filled,1
disney,0
constitutional,1
concerned,0
facilities,0
increases,0
corporation,0
argument,0
communications,0
format,0
guitar,0
rapid,1
trip,0
honor,0
opportunity,0
ottoman,0
peoples,0
resolution,0
jackson,0
guns,0
districts,0
drop,0
pattern,0
movements,0
vector,0
slaves,0
measured,1
expression,0
spend,0
protein,0
attacked,0
truth,0
criticized,1
telephone,0
ukraine,0
liquid,0
challenge,0
add,0
poetry,0
wilson,0
teeth,0
translation,0
strongly,0
killing,0
spoke,0
layer,0
accused,1
exists,0
jerusalem,0
dominated,1
designs,0
scott,0
map,0
atmosphere,0
index,0
legislation,0
establishment,0
kill,0
basketball,0
bands,0
coalition,0
lincoln,0
capable,1
judge,0
nasa,0
bce,0
ross,0
continuous,1
fishing,0
alongside,0
salt,0
sitting,0
housing,0
theorem,0
opposite,0
worth,0
mama,0
composition,0
supporting,0
arabic,0
equation,0
fellow,0
bbc,0
cuba,0
helps,0
colors,0
williams,0
stock,0
egyptian,0
dates,0
gender,0
korean,0
democracy,0
multi,0
ratio,0
bible,0
rising,1
enter,0
interests,0
drugs,0
characteristics,0
website,0
processing,0
iv,0
interested,1
accept,0
fair,1
flat,1
producer,0
immigration,0
description,0
allies,0
perfect,1
viewed,1
extent,0
millions,0
succeeded,1
experiments,0
stores,0
ban,0
ensure,0
jack,0
spending,0
pilot,0
tiny,1
anyone,0
raise,0
titled,1
category,0
arm,0
details,0
none,0
protected,1
atomic,1
stuff,0
comedy,0
prepared,0
caught,0
portion,0
yep,0
operate,0
opinion,0
olympic,0
headquarters,0
task,0
script,0
hence,0
hole,0
adult,0
practical,1
corps,0
explain,0
parallel,1
southeast,1
offers,0
suggest,0
sing,0
ending,0
colony,0
vast,1
giant,1
heritage,0
easier,0
buried,1
happens,0
peninsula,0
ohio,0
warm,1
shooting,0
moment,0
gene,0
adults,0
infrastructure,0
banks,0
jean,0
minority,0
amounts,0
carrying,0
guy,0
kinds,0
sort,0
le,0
evolved,1
drawn,0
achieve,0
owners,0
separated,1
semi,0
storage,0
electrical,1
patterns,0
scientist,0
closer,0
moral,1
selection,0
fund,0
bacteria,0
electricity,0
canal,0
mode,0
streets,0
statistics,0
faced,0
limits,0
strategy,0
emergency,0
abandoned,1
sub,0
coastal,1
vary,0
circuit,0
relation,0
cabinet,0
drawing,0
funding,0
duck,0
writings,0
representation,0
interpretation,0
employees,0
tuesday,0
periods,0
essential,1
comic,1
eu,0
fox,0
grade,0
voted,0
transition,0
enemy,0
cookie,0
coach,0
nevertheless,0
microsoft,0
illegal,1
concern,0
effectively,0
meanwhile,0
laboratory,0
height,0
mining,0
frame,0
elizabeth,0
plus,0
gulf,0
gradually,0
cable,0
indeed,0
articles,0
garden,0
atoms,0
tea,0
symptoms,0
inhabitants,0
centers,0
legacy,0
speakers,0
visual,1
mars,0
scottish,1
shaped,0
modified,1
beautiful,1
charged,1
tom,0
plate,0
episodes,0
swedish,1
transmission,0
generated,0
origins,0
fruit,0
cool,1
visible,1
identify,0
amendment,0
biological,1
dominant,1
representative,1
founder,0
kings,0
allied,1
coal,0
shoes,0
considerable,1
indicate,0
wales,0
experiment,0
waters,0
sons,0
molecules,0
estimates,0
hungary,0
wildlife,0
subjects,0
successfully,0
shift,0
friday,0
steps,0
owner,0
leads,0
favor,0
formally,0
begins,0
consisting,0
doctors,0
roosevelt,0
decisions,0
arrested,0
electrons,0
slave,0
cultures,0
inner,0
roots,0
converted,1
error,0
driven,1
diseases,0
roles,0
partly,0
refugees,0
republicans,0
classified,1
collected,1
investigation,0
educational,1
forming,0
classic,1
choose,0
customers,0
counter,0
protests,0
logic,0
component,0
austria,0
goals,0
benefit,0
rain,0
wednesday,0
charges,0
concert,0
tail,0
jump,0
hebrew,0
nobel,0
involving,0
agents,0
teach,0
spot,0
beliefs,0
additionally,0
hitler,0
involves,0
cook,0
colonies,0
apply,0
request,0
assumed,1
pure,1
replace,0
genre,0
favorite,1
escape,0
lowest,0
fame,0
spiritual,1
titles,0
concepts,0
trading,0
understood,0
chemistry,0
attached,0
bar,0
reputation,0
proteins,0
attributed,0
survived,0
strike,0
locations,0
norway,0
lies,0
cheese,0
doctrine,0
root,0
reaching,0
frank,0
satellite,0
mr,0
copies,0
affect,0
assigned,1
membership,0
peak,0
markets,0
helping,0
promote,0
foods,0
classification,0
losing,1
input,0
balance,0
turning,0
manner,0
occasionally,0
existed,1
benefits,0
orbit,0
conservation,0
seasons,0
signals,0
brand,0
silly,1
regime,0
whales,0
soft,1
controversy,0
zoo,0
hardware,0
controversial,1
weak,1
revolutionary,1
egg,0
concentration,0
tank,0
uniform,0
editor,0
hotel,0
horses,0
pain,0
document,0
passing,0
successor,0
passage,0
socialist,0
assistance,0
reforms,0
dollars,0
exercise,0
formerly,0
agent,0
bones,0
consumption,0
trouble,0
possibility,0
broad,1
chose,0
genes,0
rarely,0
argues,0
jazz,0
bringing,0
exception,0
sweetie,0
designated,1
committed,1
paintings,0
agree,0
matters,0
protocol,0
debt,0
missouri,0
wine,0
drew,0
featuring,0
actor,0
somewhat,0
waste,0
mechanical,1
personnel,0
davis,0
renamed,0
passengers,0
fresh,1
lay,0
provinces,0
gay,1
audio,0
incorporated,1
proof,0
capture,0
responsibility,0
bunny,0
particle,0
branches,0
corresponding,1
georgia,0
violent,1
lewis,0
memorial,0
hosted,1
cow,0
answer,0
extension,0
males,0
mediterranean,0
performing,0
poet,0
relationships,0
appeal,0
serves,0
empty,1
lion,0
argue,0
sample,0
oxford,0
spaces,0
cited,0
retired,1
legislative,1
tool,0
northwest,1
vision,0
keeping,0
incident,0
continental,1
variable,0
ends,0
mouse,0
entry,0
walking,0
lose,0
breakfast,0
driver,0
chairman,0
promoted,1
unless,0
destruction,0
bob,0
saturday,0
bag,0
tracks,0
ceremony,0
advance,0
chicken,0
suit,0
borders,0
correct,1
seeking,0
representing,0
folk,0
rank,0
voters,0
experimental,1
arthur,0
yards,0
stephen,0
taxes,0
impossible,1
mexican,0
voting,0
clothes,0
murder,0
turkish,0
adapted,1
divine,1
clearly,0
novels,0
moscow,0
receiving,0
mechanism,0
musicians,0
motor,0
necessarily,0
protestant,0
ruling,0
translated,1
interior,1
julian,0
chamber,0
rocks,0
domain,0
bass,0
bigger,0
fired,1
michigan,0
toy,0
earned,1
falling,0
dating,0
industries,0
express,0
writes,0
distributed,1
seemed,0
evil,1
begun,0
soul,0
references,0
movies,0
struggle,0
hopes,0
alcohol,0
offices,0
healthy,1
links,0
trained,1
firm,1
singer,0
organic,1
missions,0
scenes,0
kittie,0
returning,1
plastic,1
persons,0
founding,1
magnitude,0
pollution,0
colleges,0
federation,0
kansas,0
styles,0
unusual,1
hollywood,0
net,0
encouraged,1
produces,0
clock,0
bond,0
sale,0
planets,0
platform,0
passenger,0
democrats,0
funds,0
lunch,0
credit,0
kong,0
requirements,0
yard,0
commonwealth,0
illinois,0
algorithm,0
chapter,0
delivered,1
wheel,0
slowly,0
symbols,0
reducing,0
lie,0
clinton,0
absolute,1
sufficient,1
infantry,0
heads,0
bound,0
axis,0
transferred,0
desert,0
cream,0
characterized,0
dress,0
window,0
printed,1
angle,0
worst,0
percentage,0
plot,0
guess,0
proposal,0
feed,0
finland,0
wet,1
lakes,0
racial,1
dimensional,1
leg,0
integrated,1
factory,0
anniversary,0
flowers,0
dependent,1
reduction,0
clubs,0
alex,0
fashion,0
divisions,0
storm,0
throne,0
missing,1
distinction,0
substantial,1
regularly,0
banned,1
headed,0
survive,0
depends,0
pennsylvania,0
studying,0
sick,1
rocket,0
elsewhere,0
discussed,1
bone,0
dream,0
metropolitan,0
false,1
massachusetts,0
implemented,0
landing,0
swimming,1
themes,0
expert,0
germans,0
demonstrated,1
crimes,0
ibm,0
mail,0
seeing,0
falls,0
immediate,1
wolf,0
olympics,0
apollo,0
boats,0
spin,0
check,0
essentially,0
institution,0
joe,0
cave,0
wealth,0
legs,0
laid,0
underground,0
et,0
lots,0
ordinary,1
depression,0
senator,0
tanks,0
experiences,0
philadelphia,0
pointed,1
magic,0
declaration,0
max,0
stating,0
variations,0
stood,0
sum,0
missile,0
mainland,0
technologies,0
hypothesis,0
medal,0
collapse,0
ideal,1
parliamentary,0
revenue,0
trust,0
gods,0
decide,0
seek,0
breaking,0
reactions,0
probability,0
apparent,1
tells,0
dinner,0
invented,0
knows,0
hungarian,0
tons,0
originated,1
fantasy,0
engineer,0
performances,0
organisms,0
estate,0
outer,1
boom,0
seconds,0
stages,0
detailed,1
feeling,0
believes,0
prayer,0
philip,0
kennedy,0
thanks,0
bread,0
strategic,1
indicated,0
supplies,0
metals,0
engaged,1
remove,0
installed,1
conventional,1
diverse,1
recommended,1
restaurants,0
journey,0
define,0
females,0
agencies,0
be,0
have,0
protest,0
gray,1
albert,0
migration,0
athletes,0
graduate,0
brief,1
psychology,0
weapon,0
label,0
palestinian,0
reserve,0
albums,0
treat,0
copper,0
jim,0
accompanied,0
appropriate,1
contributions,0
mike,0
thursday,0
arrival,0
entitled,1
preferred,1
spectrum,0
occupation,0
categories,0
partner,0
romans,0
threatened,1
covers,0
facility,0
philosophical,1
celebrated,1
finite,1
credited,1
victims,0
trains,0
tobacco,0
taiwan,0
denmark,0
losses,0
velocity,0
purple,1
andrew,0
expedition,0
solutions,0
enforcement,0
duty,0
forests,0
civilian,0
stored,1
publicly,0
molecular,1
approval,0
alpha,0
supports,0
francis,0
finger,0
bronze,1
watching,0
employment,0
obtain,0
papers,0
stuck,1
artificial,1
currency,0
consumer,0
moves,0
ill,0
taste,0
routes,0
piano,0
guide,0
desire,0
stands,0
engineers,0
electoral,0
tall,1
doggie,0
saudi,0
diplomatic,1
scheme,0
corn,0
tone,0
server,0
elementary,1
painted,1
switzerland,0
syrian,0
cape,0
longest,0
exposure,0
strip,0
sees,0
secure,1
somebody,0
restrictions,0
hong,0
sand,0
prisoners,0
exposed,1
programme,0
distinguished,1
annually,0
spacecraft,0
virus,0
anglo,0
virtual,1
referring,0
plain,1
ministers,0
thinks,0
cooperation,0
nominated,1
influences,0
consisted,0
lasted,0
shirt,0
dispute,0
sections,0
bomb,0
conversion,0
diet,0
whoops,0
presidency,0
suffering,0
stick,0
sentence,0
handle,0
drinking,0
comparison,0
surviving,1
waiting,0
crops,0
tissue,0
exports,0
draft,0
furthermore,0
downtown,0
exact,1
neck,0
purchase,0
pink,1
dialects,0
everybody,0
steve,0
elephant,0
chocolate,0
muhammad,0
purchased,0
therapy,0
crash,0
notion,0
damaged,1
abe,0
isolated,1
grounds,0
tube,0
ranging,0
caribbean,1
beat,0
arguments,0
narrow,1
lists,0
sweet,1
phenomenon,0
pages,0
stress,0
listen,0
efficient,1
latest,0
retained,1
column,0
aimed,0
apparently,0
fighters,0
worse,0
responded,1
row,0
documentary,0
corruption,0
theoretical,1
pushed,0
diego,0
operates,0
phrase,0
substance,0
powered,0
eve,0
germanic,0
economics,0
findings,0
ruler,0
insurance,0
kiss,0
frequent,1
perceived,1
boundary,0
hearing,0
radical,1
discussion,0
racing,0
repeated,1
mom,0
preserved,1
offering,0
characteristic,0
mix,0
regard,0
implementation,0
hired,0
warfare,0
prove,0
emphasis,0
continuing,1
renaissance,0
invited,1
khan,0
offensive,0
denied,0
paint,0
childhood,0
promised,0
copy,0
aim,0
consistent,1
adams,0
neighborhood,0
crystal,0
math,0
bet,0
license,0
opponents,0
frederick,0
bath,0
sheep,0
theater,0
carrier,0
partially,0
hop,0
equations,0
usual,1
alphabet,0
whoa,0
instruction,0
switch,0
vacuum,0
sorry,0
lions,0
whale,0
variation,0
meetings,0
varies,0
guinea,0
conduct,0
wake,0
overseas,0
boo,0
seventh,0
organisation,0
tournament,0
hills,0
dated,1
dollar,0
tired,1
depth,0
blow,0
decay,0
bite,0
tropical,1
soccer,0
attracted,0
partial,1
remote,0
harry,0
binary,1
bang,0
races,0
instructions,0
pig,0
channels,0
jordan,0
buddhist,0
mechanics,0
circumstances,0
legend,0
cutting,0
picked,0
matrix,0
intellectual,1
faces,0
describing,0
scheduled,1
reflected,1
shell,0
conquest,0
shut,0
ford,0
messages,0
bonds,0
regulations,0
rolling,1
clothing,0
byzantine,0
danish,0
samples,0
finds,0
composer,0
hero,0
ownership,0
certainly,0
victoria,0
dozen,0
northeast,0
restaurant,0
societies,0
uncle,0
fled,0
paying,0
connections,0
donald,0
airplane,0
admitted,1
bright,1
philosopher,0
accident,0
pitch,0
superior,1
register,0
daniel,0
random,1
passes,0
thin,1
theology,0
executed,1
absence,0
mainstream,0
blues,0
drama,0
singing,1
identical,1
participate,0
newspapers,0
establishing,0
optical,0
wage,0
slide,0
cleveland,0
lifetime,0
fighter,0
farms,0
briefly,0
covering,0
turns,0
vessels,0
interface,0
whatever,0
cotton,0
tribe,0
explanation,0
colorado,0
recovery,0
span,0
complicated,1
bureau,0
bases,0
camps,0
poems,0
injury,0
cash,0
facing,0
unemployment,0
interesting,1
franklin,0
household,0
raising,0
religions,0
corner,0
judges,0
temporary,1
naturally,0
separation,0
danger,0
cathedral,0
stem,0
franchise,0
seattle,0
naima,0
printing,0
ce,0
participation,0
recognize,0
rabbit,0
asking,0
comics,0
dirty,1
mounted,0
tested,1
rescue,0
fan,0
generations,0
parent,0
rival,0
winner,0
disorder,0
sharp,1
farming,0
print,0
nomi,0
aspect,0
judaism,0
debut,0
counties,0
actors,0
eric,0
scholar,0
basin,0
starts,0
manufacturers,0
injuries,0
succession,0
essay,0
indicates,0
followers,0
southwest,0
rebellion,0
attend,0
lebanon,0
interaction,0
ties,0
duties,0
quick,1
psychological,0
stronger,0
assistant,0
ranks,0
relief,0
ports,0
computing,0
drones,0
involvement,0
concerning,1
infinite,1
negotiations,0
testament,0
alaska,0
varieties,0
export,0
struck,0
goodness,0
jurisdiction,0
norwegian,1
jr,0
evening,0
fat,1
settlers,0
framework,0
restored,1
settlements,0
traveled,0
stayed,0
challenges,0
arranged,0
highway,0
inc,0
publishing,0
drivers,0
dramatic,1
inflation,0
interpreted,0
ongoing,1
judicial,0
railroad,0
advertising,0
permitted,1
ebola,0
depicted,1
hindu,0
swiss,0
indo,0
crowd,0
philippines,0
targets,0
advice,0
allen,0
marks,0
trend,0
accurate,1
bits,0
alive,1
acids,0
sierra,0
czech,0
onlyinclude,0
mississippi,0
mixture,0
worried,0
simon,0
functional,1
sat,0
territorial,1
statistical,1
papal,0
ibn,0
restricted,1
procedure,0
files,0
button,0
efficiency,0
vegetables,0
portugal,0
coverage,0
continent,0
shorter,0
siege,0
airlines,0
cardinal,0
diversity,0
maria,0
baltimore,0
tunnel,0
nomination,0
courses,0
complexity,0
approaches,0
scored,0
attorney,0
ben,0
operational,0
ranges,0
geography,0
progressive,1
observations,0
readers,0
holes,0
uranium,0
oriented,0
terminal,0
pen,0
commissioned,1
boundaries,0
stability,0
surrounded,0
compete,0
armies,0
charter,0
estimate,0
residence,0
concrete,1
babies,0
stones,0
gregory,0
dioxide,0
worship,0
statue,0
alleged,0
gravity,0
miss,0
adaptation,0
arabia,0
tied,0
voltage,0
bottle,0
illness,0
unity,0
enjoyed,0
expand,0
likes,0
naming,0
telling,0
lunar,0
vi,0
recovered,1
binding,1
wire,0
besides,0
pool,0
defensive,1
guest,0
merely,0
disk,0
cattle,0
aware,0
nato,0
lesser,0
smoke,0
session,0
potentially,0
competitive,1
wash,0
reviews,0
finance,0
hoped,0
realized,0
mirror,0
tribal,1
partnership,0
registered,1
steam,0
praised,1
hunt,0
suitable,1
matches,0
sending,0
jury,0
creative,1
strict,1
graphics,0
cats,0
strings,0
equipped,1
worn,1
fluid,1
discrimination,0
shore,0
angry,1
customs,0
arizona,0
artistic,1
bishops,0
guys,0
legislature,0
liberty,0
operator,0
recorder,0
partners,0
indians,0
patient,0
conflicts,0
mammals,0
requiring,0
romania,0
oral,1
replacement,0
miami,0
houston,0
studios,0
solo,0
rings,0
beer,0
disaster,0
taylor,0
participated,0
neutral,1
don,0
drum,0
pairs,0
indonesia,0
cuisine,0
notation,0
patent,0
chris,0
stream,0
varying,1
opportunities,0
oops,0
evolutionary,1
contest,0
wider,0
keys,0
valuable,1
carter,0
compound,0
consequences,0
des,0
option,0
synthesis,0
snake,0
maryland,0
mention,0
emissions,0
recalled,1
burned,1
producers,0
sleeping,0
biology,0
wealthy,1
champion,0
initiative,0
iranian,0
colour,0
triangle,0
hungry,1
cambridge,0
thereby,0
grass,0
controls,0
thailand,0
weekly,1
dialect,0
ear,0
specialized,1
gap,0
polar,1
electronics,0
etymology,0
corporate,1
narrative,0
shares,0
tourists,0
cd,0
variant,0
happening,0
suicide,0
wooden,1
belong,0
coup,0
regardless,0
quantities,0
permission,0
stalin,0
holiday,0
sam,0
profit,0
fingers,0
sacred,1
roger,0
gate,0
chart,0
execution,0
grammar,0
belt,0
cult,0
connect,0
kitchen,0
involve,0
pan,0
citizen,0
critic,0
wonder,0
jefferson,0
destroy,0
import,0
dual,0
clay,0
heaven,0
fossil,0
proportion,0
anne,0
